,LCM_CLASS,b1,b2,b3,b4,b5,b6,b7,b8
0,Annual Crop,74,261,510,560,443,288,1120,4128
1,Annual Crop,123,252,368,376,336,275,674,2816
2,Annual Crop,76,244,323,342,367,279,674,2457
3,Annual Crop,119,254,497,534,464,281,1007,4553
4,Annual Crop,186,313,423,422,383,316,628,2616
5,Brush/Shrubs,115,184,392,388,327,188,826,3703
6,Brush/Shrubs,153,238,492,508,433,253,1086,3955
7,Brush/Shrubs,117,192,387,376,317,164,748,3626
8,Brush/Shrubs,142,229,386,372,365,180,767,2885
9,Brush/Shrubs,137,220,355,354,317,189,694,3353
10,Brush/Shrubs,120,244,474,538,449,263,1084,4447
11,Brush/Shrubs,171,233,457,501,419,231,1020,4745
12,Brush/Shrubs,115,207,442,488,452,228,1079,4022
13,Brush/Shrubs,122,199,407,402,343,183,894,4123
14,Brush/Shrubs,107,203,399,396,356,188,892,4187
15,Brush/Shrubs,123,185,414,414,367,197,904,3865
16,Brush/Shrubs,133,222,447,435,401,205,935,4398
17,Brush/Shrubs,103,174,363,354,318,179,798,4334
18,Brush/Shrubs,81,144,331,310,259,125,683,3488
19,Brush/Shrubs,160,246,468,515,465,272,1008,3888
20,Brush/Shrubs,109,216,487,505,442,266,1082,4307
21,Brush/Shrubs,168,227,467,503,438,265,995,4016
22,Brush/Shrubs,111,206,380,385,324,213,763,3675
23,Brush/Shrubs,142,238,510,570,432,214,1045,4631
24,Brush/Shrubs,142,228,405,389,305,187,761,4113
25,Brush/Shrubs,122,209,431,431,362,188,941,4782
26,Brush/Shrubs,124,241,446,497,448,248,1012,3802
27,Brush/Shrubs,141,171,296,278,251,136,541,2773
28,Brush/Shrubs,157,227,452,470,402,226,949,3373
29,Brush/Shrubs,100,201,467,499,420,216,1061,4695
30,Brush/Shrubs,109,197,423,422,375,191,885,4442
31,Brush/Shrubs,129,213,456,439,385,216,912,3275
32,Brush/Shrubs,138,203,454,464,367,204,948,4618
33,Brush/Shrubs,88,163,351,336,316,156,749,3717
34,Brush/Shrubs,135,231,460,479,439,259,952,3857
35,Brush/Shrubs,127,202,444,465,396,231,965,4387
36,Brush/Shrubs,54,145,252,211,207,87,435,2539
37,Brush/Shrubs,102,187,365,338,317,150,771,3724
38,Brush/Shrubs,123,208,425,428,390,201,961,4282
39,Brush/Shrubs,117,233,499,511,448,230,1061,3818
40,Brush/Shrubs,108,193,409,417,347,181,838,4054
41,Brush/Shrubs,102,219,399,435,373,225,828,3764
42,Brush/Shrubs,95,212,379,378,339,172,836,4388
43,Brush/Shrubs,222,285,523,539,479,270,1031,4063
44,Brush/Shrubs,156,247,436,461,418,269,903,3309
45,Brush/Shrubs,169,258,529,521,460,291,1035,4142
46,Brush/Shrubs,127,244,448,464,435,254,885,3450
47,Brush/Shrubs,147,241,466,497,442,242,1020,3893
48,Brush/Shrubs,144,255,504,520,463,266,1112,3891
49,Brush/Shrubs,134,201,396,378,325,198,755,4187
50,Brush/Shrubs,138,226,446,435,364,204,921,4246
51,Brush/Shrubs,111,226,399,422,377,229,826,3204
52,Brush/Shrubs,133,196,403,431,357,195,823,3532
53,Brush/Shrubs,105,200,340,312,301,146,703,3968
54,Brush/Shrubs,145,237,446,452,397,223,1015,4005
55,Brush/Shrubs,167,265,463,499,481,315,1014,3353
56,Brush/Shrubs,74,179,338,346,320,180,762,3922
57,Brush/Shrubs,158,208,455,481,421,204,924,4385
58,Brush/Shrubs,142,234,489,518,482,270,1099,4114
59,Built-up,112,208,392,390,313,198,764,4867
60,Built-up,132,247,532,548,479,303,1110,3697
61,Mangrove Forest,120,212,340,347,288,171,677,3564
62,Mangrove Forest,100,206,282,290,267,155,457,2606
63,Mangrove Forest,109,186,303,311,251,164,529,2121
64,Fishpond,41,208,336,295,267,181,485,1785
65,Mangrove Forest,101,180,274,221,201,125,453,2487
66,Inland Water,52,197,317,306,274,140,502,2237
67,Mangrove Forest,113,259,339,338,276,213,421,1815
68,Mangrove Forest,117,212,315,325,281,171,524,2843
69,Mangrove Forest,81,181,339,349,318,174,723,2917
70,Mangrove Forest,108,196,338,322,281,162,658,2657
71,Mangrove Forest,109,183,326,314,293,150,637,3204
72,Mangrove Forest,191,226,369,353,345,220,717,2717
73,Mangrove Forest,141,199,351,329,277,167,677,3507
74,Mangrove Forest,92,205,356,332,299,157,714,3507
75,Mangrove Forest,101,190,348,363,279,149,727,3487
76,Mangrove Forest,122,165,287,270,250,126,529,2819
77,Mangrove Forest,87,193,343,299,291,145,663,3995
78,Mangrove Forest,102,196,338,323,301,151,779,3723
79,Mangrove Forest,134,190,320,306,292,160,676,3258
80,Mangrove Forest,127,180,361,343,307,151,743,3828
81,Mangrove Forest,133,194,337,349,286,160,637,3364
82,Mangrove Forest,198,275,436,415,386,284,729,2872
83,Mangrove Forest,152,238,365,330,300,198,597,2829
84,Mangrove Forest,115,213,349,344,339,174,704,3228
85,Mangrove Forest,95,164,358,341,315,160,771,3288
86,Mangrove Forest,124,189,304,268,293,148,632,2864
87,Mangrove Forest,110,173,308,276,261,129,614,3612
88,Mangrove Forest,87,200,331,360,309,188,732,3035
89,Mangrove Forest,116,197,333,356,302,193,722,3400
90,Mangrove Forest,195,333,446,475,411,276,504,1941
91,Mangrove Forest,115,219,383,444,343,197,878,4033
92,Mangrove Forest,86,205,352,372,325,212,732,3330
93,Mangrove Forest,96,219,320,348,306,199,685,3293
94,Mangrove Forest,84,190,318,358,301,188,639,3402
95,Mangrove Forest,66,169,296,311,290,182,701,3062
96,Mangrove Forest,83,220,360,360,306,209,592,2651
97,Mangrove Forest,101,183,339,335,293,172,685,2787
98,Mangrove Forest,105,185,344,373,289,190,608,3620
99,Mangrove Forest,107,204,331,328,294,191,639,3235
100,Mangrove Forest,90,191,288,297,255,177,569,2679
101,Mangrove Forest,133,203,318,327,304,168,645,3443
102,Mangrove Forest,102,225,304,314,304,196,602,3146
103,Mangrove Forest,151,217,378,415,349,248,703,3176
104,Mangrove Forest,195,289,462,483,380,272,679,2501
105,Mangrove Forest,133,239,354,382,299,193,574,2653
106,Mangrove Forest,83,192,321,307,272,170,578,3320
107,Mangrove Forest,129,207,309,337,262,150,656,3575
108,Mangrove Forest,103,190,257,278,244,126,438,2545
109,Mangrove Forest,101,212,345,368,310,175,747,2948
110,Mangrove Forest,101,192,340,339,264,159,746,3950
111,Mangrove Forest,96,186,275,304,227,136,571,3304
112,Mangrove Forest,104,198,285,319,243,141,586,2878
113,Mangrove Forest,88,204,318,338,282,162,704,3850
114,Mangrove Forest,144,187,266,283,237,129,569,3205
115,Mangrove Forest,124,224,333,339,303,155,663,3137
116,Mangrove Forest,141,245,328,332,325,214,665,3140
117,Mangrove Forest,156,233,293,284,270,161,430,1794
118,Mangrove Forest,149,241,391,386,348,238,761,3352
119,Mangrove Forest,114,237,338,339,256,161,664,3275
120,Mangrove Forest,127,217,322,302,298,181,580,2534
121,Mangrove Forest,153,238,315,273,278,181,543,2341
122,Mangrove Forest,104,210,352,355,317,163,740,3262
123,Mangrove Forest,124,218,380,355,333,191,763,2869
124,Mangrove Forest,145,212,313,305,292,181,609,2734
125,Mangrove Forest,160,197,339,277,276,163,579,2312
126,Mangrove Forest,147,241,372,330,341,215,657,2359
127,Mangrove Forest,172,245,348,307,313,195,520,1893
128,Mangrove Forest,166,223,338,307,297,183,586,2563
129,Mangrove Forest,89,200,285,316,270,155,571,2634
130,Mangrove Forest,76,222,302,312,280,153,550,2696
131,Mangrove Forest,162,265,343,389,305,209,606,2475
132,Mangrove Forest,172,267,445,509,439,258,911,3315
133,Mangrove Forest,75,207,348,387,340,205,798,3341
134,Mangrove Forest,115,227,385,417,306,178,835,3850
135,Mangrove Forest,105,227,366,392,299,170,782,3653
136,Mangrove Forest,142,237,338,329,304,216,603,2296
137,Mangrove Forest,63,208,339,369,327,209,645,2935
138,Mangrove Forest,120,232,347,361,284,226,640,3101
139,Mangrove Forest,95,203,365,384,332,189,819,3501
140,Mangrove Forest,90,199,323,328,303,179,587,2653
141,Mangrove Forest,86,177,306,333,250,154,734,3665
142,Mangrove Forest,99,190,355,385,323,170,842,3975
143,Mangrove Forest,64,183,321,368,291,193,717,3554
144,Mangrove Forest,64,179,340,365,278,144,776,4135
145,Mangrove Forest,93,177,366,413,294,167,864,4129
146,Mangrove Forest,91,196,367,387,302,154,851,3939
147,Mangrove Forest,217,299,407,422,416,290,578,1852
148,Mangrove Forest,106,195,315,351,280,172,695,3074
149,Mangrove Forest,122,199,318,350,316,209,706,3144
150,Mangrove Forest,49,184,322,333,223,165,669,3467
151,Mangrove Forest,82,211,346,358,280,168,735,4017
152,Mangrove Forest,50,208,353,363,255,166,724,3876
153,Mangrove Forest,49,160,309,323,220,131,638,3367
154,Mangrove Forest,61,179,333,375,321,177,751,3304
155,Mangrove Forest,67,180,316,343,278,166,698,3376
156,Mangrove Forest,92,221,397,402,290,183,804,3712
157,Mangrove Forest,120,204,301,293,266,182,538,2336
158,Mangrove Forest,86,187,305,332,282,164,683,3141
159,Mangrove Forest,135,197,345,385,307,153,725,3871
160,Mangrove Forest,69,157,279,286,255,126,626,3398
161,Mangrove Forest,92,206,324,321,257,170,645,3426
162,Mangrove Forest,89,183,304,324,313,188,633,3062
163,Mangrove Forest,112,203,350,370,294,169,742,3532
164,Mangrove Forest,86,179,325,356,264,136,782,4062
165,Mangrove Forest,88,201,324,356,267,151,728,4122
166,Mangrove Forest,88,162,305,318,275,160,619,3279
167,Mangrove Forest,113,206,353,372,278,171,739,3838
168,Mangrove Forest,39,189,359,358,283,173,829,3963
169,Mangrove Forest,146,184,317,335,279,176,703,3214
170,Mangrove Forest,78,191,296,318,275,154,653,3486
171,Mangrove Forest,75,205,351,387,287,186,818,3758
172,Mangrove Forest,101,210,360,389,319,181,850,3909
173,Mangrove Forest,79,151,251,254,235,161,530,2906
174,Mangrove Forest,96,171,305,332,260,136,758,3826
175,Mangrove Forest,134,197,330,361,326,215,786,3539
176,Mangrove Forest,98,191,355,360,251,155,788,4265
177,Mangrove Forest,66,193,298,314,235,175,577,2595
178,Mangrove Forest,115,184,348,345,232,150,753,4076
179,Mangrove Forest,93,221,305,317,277,186,407,1791
180,Mangrove Forest,104,235,372,405,336,179,835,3749
181,Mangrove Forest,93,196,367,382,283,151,773,3951
182,Mangrove Forest,84,204,345,348,279,138,747,4056
183,Mangrove Forest,77,214,326,330,260,176,603,3030
184,Mangrove Forest,158,244,364,356,315,241,570,2437
185,Mangrove Forest,72,168,272,280,217,146,629,3477
186,Mangrove Forest,85,182,341,377,295,159,702,3245
187,Mangrove Forest,110,167,264,279,266,146,383,1979
188,Mangrove Forest,63,215,321,359,336,222,725,3341
189,Mangrove Forest,68,203,336,339,271,137,713,3804
190,Mangrove Forest,142,258,385,418,395,271,690,2839
191,Mangrove Forest,104,240,332,342,331,206,656,3072
192,Mangrove Forest,167,218,327,297,278,172,494,1979
193,Mangrove Forest,90,232,325,352,296,173,669,3396
194,Mangrove Forest,124,212,372,368,295,175,767,3752
195,Mangrove Forest,98,205,322,325,266,156,644,3464
196,Mangrove Forest,115,218,383,429,314,149,837,4080
197,Mangrove Forest,117,223,368,382,311,218,746,3983
198,Mangrove Forest,103,210,366,405,316,155,818,3980
199,Mangrove Forest,150,244,302,298,264,165,519,2506
200,Mangrove Forest,165,272,423,459,410,271,790,3325
201,Mangrove Forest,120,253,458,522,420,293,953,3665
202,Mangrove Forest,113,228,345,376,284,190,596,2568
203,Mangrove Forest,96,230,331,333,322,224,659,2686
204,Mangrove Forest,102,225,368,423,321,169,768,3530
205,Mangrove Forest,111,210,286,314,270,173,611,3331
206,Mangrove Forest,96,231,355,334,291,173,616,2796
207,Mangrove Forest,60,197,313,356,291,170,735,2888
208,Mangrove Forest,75,201,351,381,339,184,820,4066
209,Mangrove Forest,66,238,383,380,318,217,696,3652
210,Mangrove Forest,62,156,304,322,274,172,695,3556
211,Mangrove Forest,96,193,304,311,282,196,638,3247
212,Mangrove Forest,117,209,342,375,329,211,614,2892
213,Mangrove Forest,118,230,307,314,249,164,545,2755
214,Mangrove Forest,154,234,341,314,291,169,582,2839
215,Mangrove Forest,148,267,375,380,342,236,645,3004
216,Mangrove Forest,139,241,305,353,336,200,596,2721
217,Mangrove Forest,157,314,399,403,318,226,602,2649
218,Mangrove Forest,138,256,335,352,273,199,634,2155
219,Mangrove Forest,165,258,337,382,340,234,694,3214
220,Mangrove Forest,86,221,333,369,304,184,721,3551
221,Mangrove Forest,178,270,382,400,337,238,573,2000
222,Mangrove Forest,156,234,298,278,274,168,441,2199
223,Mangrove Forest,159,246,313,327,269,207,482,2144
224,Mangrove Forest,122,223,355,354,288,195,711,3431
225,Mangrove Forest,132,227,388,408,377,202,692,2692
226,Mangrove Forest,153,223,312,314,289,202,500,2704
227,Mangrove Forest,118,231,327,348,274,162,639,3221
228,Mangrove Forest,173,242,356,366,311,165,705,4236
229,Mangrove Forest,92,204,290,294,289,150,563,3105
230,Mangrove Forest,131,291,389,415,358,234,649,1988
231,Mangrove Forest,189,295,406,433,373,296,624,1921
232,Mangrove Forest,105,207,322,335,272,164,635,3101
233,Mangrove Forest,131,242,339,361,304,221,632,3191
234,Mangrove Forest,167,295,379,375,359,276,630,3101
235,Mangrove Forest,146,243,360,386,336,218,668,2960
236,Mangrove Forest,191,251,399,355,286,181,609,2247
237,Mangrove Forest,120,225,312,316,278,172,569,2901
238,Mangrove Forest,116,230,365,402,305,181,667,3917
239,Mangrove Forest,129,253,400,432,325,210,728,3035
240,Mangrove Forest,118,212,304,301,266,149,611,3181
241,Mangrove Forest,121,240,396,435,325,199,823,3965
242,Mangrove Forest,106,191,298,264,242,167,553,2607
243,Mangrove Forest,98,239,339,375,308,179,642,2471
244,Mangrove Forest,93,227,355,367,374,204,738,3610
245,Mangrove Forest,166,208,317,274,270,174,568,2460
246,Mangrove Forest,121,221,363,397,300,188,812,3873
247,Mangrove Forest,140,205,335,310,275,156,630,3229
248,Mangrove Forest,109,206,342,384,276,146,685,3310
249,Mangrove Forest,132,198,344,333,323,216,676,3205
250,Mangrove Forest,52,233,420,502,405,199,949,4131
251,Mangrove Forest,107,218,351,342,269,147,706,4003
252,Mangrove Forest,101,199,319,338,263,147,689,4180
253,Mangrove Forest,84,207,317,300,275,188,585,2868
254,Mangrove Forest,78,219,394,446,357,212,931,3709
255,Mangrove Forest,156,181,279,281,275,170,601,2144
256,Mangrove Forest,133,217,366,346,306,145,713,3337
257,Mangrove Forest,142,206,314,263,260,167,581,2685
258,Mangrove Forest,102,206,321,284,292,149,634,2904
259,Mangrove Forest,137,257,350,336,325,214,514,2974
260,Open Forest,78,160,326,299,267,148,718,4039
261,Open Forest,117,155,356,330,292,184,780,3812
262,Open Forest,95,207,372,392,340,188,862,4734
263,Open Forest,88,194,392,405,370,205,892,4499
264,Perennial Crop,145,230,415,393,404,269,793,4039
265,Perennial Crop,100,210,383,390,402,259,805,3380
266,Perennial Crop,150,241,437,441,406,236,814,3912
267,Perennial Crop,100,195,403,382,336,146,784,4144
268,Perennial Crop,125,187,355,335,305,186,638,3549
269,Perennial Crop,80,211,447,443,364,187,923,4761
270,Perennial Crop,120,205,456,445,406,253,925,3951
271,Perennial Crop,93,183,379,380,293,148,770,4539
272,Perennial Crop,76,191,364,372,326,167,750,4121
273,Perennial Crop,103,208,449,443,360,191,976,5077
274,Perennial Crop,135,213,401,374,360,248,702,3607
275,Perennial Crop,133,207,403,367,300,159,771,4067
276,Perennial Crop,106,203,408,411,416,264,845,3158
277,Perennial Crop,94,191,390,382,310,149,822,4576
278,Perennial Crop,94,202,450,483,366,199,935,4391
279,Perennial Crop,106,175,361,343,307,141,730,3851
280,Perennial Crop,92,212,381,389,357,233,838,3718
281,Perennial Crop,117,253,458,518,422,256,996,4036
282,Perennial Crop,115,215,425,471,370,222,896,4477
283,Perennial Crop,104,239,466,493,398,234,943,4253
284,Perennial Crop,120,231,350,365,284,176,699,3275
285,Perennial Crop,110,234,359,358,331,222,691,2931
286,Mangrove Forest,138,273,401,419,356,224,662,2025
287,Perennial Crop,102,226,375,379,340,195,765,3788
288,Perennial Crop,181,285,460,517,433,258,882,3725
289,Mangrove Forest,127,213,322,330,262,181,549,3154
290,Perennial Crop,173,292,383,396,376,240,567,1928
291,Mangrove Forest,96,231,342,372,301,210,648,3609
292,Mangrove Forest,122,212,314,333,317,187,556,2992
293,Mangrove Forest,125,220,333,376,331,203,591,3035
294,Mangrove Forest,99,232,343,356,288,199,611,3095
295,Mangrove Forest,113,225,351,359,305,220,671,3549
296,Mangrove Forest,46,186,275,268,224,166,536,2808
297,Mangrove Forest,80,232,334,359,323,204,612,3317
298,Perennial Crop,118,232,365,363,312,237,663,3210
299,Perennial Crop,105,229,421,439,357,215,851,4530
300,Perennial Crop,55,234,388,410,331,233,727,3731
301,Perennial Crop,131,239,376,373,330,204,598,3370
302,Perennial Crop,98,210,404,459,374,211,935,4355
303,Perennial Crop,97,239,420,434,371,249,806,4037
304,Perennial Crop,114,233,374,407,335,193,818,4011
305,Perennial Crop,123,225,395,453,386,238,831,3577
306,Perennial Crop,121,253,363,378,334,209,721,3518
307,Perennial Crop,96,218,409,465,380,222,834,4204
308,Perennial Crop,133,243,381,378,358,228,689,3225
309,Mangrove Forest,114,244,352,352,288,202,612,3330
310,Perennial Crop,97,198,357,390,327,184,787,4163
311,Perennial Crop,130,235,469,521,400,242,1019,4307
312,Perennial Crop,139,239,354,381,328,213,667,3273
313,Perennial Crop,146,270,497,554,436,291,1011,4409
314,Perennial Crop,142,246,357,373,310,206,623,3717
315,Perennial Crop,107,240,464,509,407,271,1078,4627
316,Perennial Crop,139,252,356,371,328,220,599,3135
317,Perennial Crop,150,281,491,515,424,280,1041,4463
318,Perennial Crop,122,252,439,454,416,254,873,3473
319,Perennial Crop,88,184,360,366,339,181,731,3967
320,Perennial Crop,77,197,344,360,269,190,690,3595
321,Mangrove Forest,143,220,324,352,295,214,572,3066
322,Perennial Crop,91,236,371,373,322,226,674,3269
323,Perennial Crop,68,216,337,378,319,184,660,3748
324,Perennial Crop,70,187,254,265,208,134,523,2968
325,Perennial Crop,74,203,358,400,313,191,685,4113
326,Perennial Crop,118,213,399,433,357,224,810,3858
327,Perennial Crop,56,182,318,337,303,176,695,3758
328,Perennial Crop,70,174,341,351,277,165,749,4028
329,Perennial Crop,143,275,422,432,359,239,803,4208
330,Perennial Crop,65,198,363,385,308,168,760,3964
331,Perennial Crop,98,210,400,472,356,203,976,4020
332,Perennial Crop,107,202,363,403,353,192,823,3695
333,Perennial Crop,70,202,368,384,349,240,840,3029
334,Mangrove Forest,69,197,325,371,337,212,784,3567
335,Perennial Crop,71,188,391,455,350,159,907,4218
336,Perennial Crop,79,195,394,382,317,203,807,3983
337,Perennial Crop,136,228,414,421,372,222,853,4097
338,Perennial Crop,109,218,412,431,357,200,865,4101
339,Perennial Crop,91,224,418,469,368,186,901,4715
340,Perennial Crop,88,202,328,335,278,165,649,3384
341,Perennial Crop,94,191,346,375,304,172,761,3655
342,Perennial Crop,73,169,377,395,337,174,836,4013
343,Perennial Crop,80,219,379,389,314,179,813,4894
344,Perennial Crop,58,220,345,361,315,205,694,3864
345,Perennial Crop,125,247,413,453,382,254,830,3597
346,Perennial Crop,112,208,372,399,315,172,795,3969
347,Perennial Crop,170,288,395,409,358,251,550,1767
348,Perennial Crop,138,254,419,439,359,232,816,4365
349,Perennial Crop,82,195,367,381,314,174,800,4157
350,Perennial Crop,100,197,344,371,303,174,747,3691
351,Perennial Crop,99,253,449,532,412,279,989,3632
352,Perennial Crop,105,217,447,503,431,258,1027,3984
353,Perennial Crop,90,193,336,350,270,199,630,3663
354,Perennial Crop,97,184,334,340,278,174,625,3220
355,Perennial Crop,117,241,442,473,394,256,888,3572
356,Perennial Crop,104,180,382,393,326,206,772,4168
357,Perennial Crop,184,289,408,412,351,245,712,3938
358,Perennial Crop,124,232,360,375,357,234,680,3530
359,Perennial Crop,138,236,381,410,323,209,758,3775
360,Perennial Crop,117,210,325,332,289,195,628,3565
361,Perennial Crop,129,246,409,442,389,211,829,3962
362,Perennial Crop,71,252,457,518,408,227,1068,4465
363,Perennial Crop,130,251,408,458,367,266,797,2845
364,Perennial Crop,103,223,392,406,326,181,858,4306
365,Perennial Crop,137,241,334,342,295,187,494,3465
366,Perennial Crop,119,238,355,384,360,242,708,3430
367,Perennial Crop,151,216,396,380,324,145,714,3949
368,Perennial Crop,130,218,345,332,321,215,594,3143
369,Perennial Crop,183,296,462,481,400,258,905,4899
370,Perennial Crop,225,241,473,475,376,203,912,4883
371,Perennial Crop,121,229,437,445,355,204,931,4309
372,Perennial Crop,157,241,491,503,445,248,1014,4687
373,Perennial Crop,178,226,372,377,309,173,739,3838
374,Perennial Crop,174,231,442,439,373,208,909,4455
375,Perennial Crop,131,211,364,378,326,165,743,4072
376,Perennial Crop,104,213,351,367,332,186,695,3883
377,Perennial Crop,106,217,390,345,347,181,690,3507
378,Perennial Crop,169,247,412,397,392,265,751,3413
379,Perennial Crop,121,250,419,419,423,296,808,4063
380,Perennial Crop,98,193,369,336,311,171,668,3513
381,Perennial Crop,144,232,386,361,353,198,693,3724
382,Perennial Crop,178,206,381,354,319,162,694,3874
383,Perennial Crop,141,207,378,347,312,194,690,4262
384,Perennial Crop,144,251,362,341,379,309,720,3401
385,Perennial Crop,97,212,377,365,296,179,715,4207
386,Perennial Crop,152,220,425,415,322,162,788,4502
387,Perennial Crop,177,240,366,349,306,188,623,3953
388,Perennial Crop,170,263,521,510,432,230,1027,4394
389,Perennial Crop,112,206,348,297,305,184,627,3460
390,Perennial Crop,117,215,388,379,302,191,715,4101
391,Perennial Crop,140,258,445,439,399,251,786,4051
392,Perennial Crop,110,220,360,351,323,189,667,3931
393,Perennial Crop,187,275,495,498,422,243,1039,4428
394,Perennial Crop,156,237,418,411,341,191,764,3925
395,Perennial Crop,175,258,398,421,368,194,737,4058
396,Perennial Crop,165,243,371,357,348,260,637,3474
397,Perennial Crop,139,204,332,266,264,142,514,3163
398,Perennial Crop,148,214,327,312,245,142,451,2322
399,Perennial Crop,182,219,420,425,369,182,814,4109
400,Perennial Crop,163,228,404,384,329,160,786,4796
401,Perennial Crop,151,274,456,447,357,207,832,4352
402,Perennial Crop,167,225,433,443,338,206,861,4717
403,Perennial Crop,125,220,300,286,311,196,538,3412
404,Perennial Crop,138,248,372,353,352,200,695,3589
405,Perennial Crop,167,274,517,526,414,253,980,4342
406,Perennial Crop,132,212,342,317,302,177,597,3183
407,Perennial Crop,111,233,347,339,317,180,650,3605
408,Perennial Crop,203,295,453,457,427,288,627,2518
409,Perennial Crop,175,227,392,387,355,219,739,3677
410,Perennial Crop,163,250,430,431,366,236,864,4169
411,Perennial Crop,164,243,394,390,375,206,703,3841
412,Perennial Crop,132,243,469,526,404,241,982,4090
413,Perennial Crop,91,199,395,443,321,217,874,3818
414,Perennial Crop,139,241,448,484,407,262,917,3887
415,Mangrove Forest,141,255,397,461,398,264,832,3883
416,Perennial Crop,98,209,389,426,302,159,820,4145
417,Mangrove Forest,183,259,348,339,306,230,568,3337
418,Perennial Crop,134,280,506,570,476,310,976,3815
419,Perennial Crop,167,240,487,537,452,255,1026,4072
420,Perennial Crop,112,201,398,413,368,178,822,4638
421,Perennial Crop,141,222,436,417,374,202,813,4163
422,Perennial Crop,108,195,446,476,382,185,988,4029
423,Perennial Crop,88,169,344,326,289,159,799,4466
424,Perennial Crop,189,254,402,385,385,251,709,3838
425,Perennial Crop,102,219,428,493,392,246,924,4457
426,Perennial Crop,149,214,400,407,354,226,896,4228
427,Perennial Crop,131,181,366,385,317,169,765,4156
428,Perennial Crop,101,227,398,436,373,211,895,4016
429,Perennial Crop,128,201,388,417,355,204,801,3395
430,Perennial Crop,83,175,335,330,280,143,727,3667
431,Perennial Crop,145,236,492,493,424,254,1107,4714
432,Perennial Crop,148,207,372,376,318,172,775,4594
433,Perennial Crop,62,180,336,321,283,132,654,2884
434,Perennial Crop,133,185,289,297,248,144,584,3592
435,Mangrove Forest,174,239,388,393,335,192,695,3755
436,Perennial Crop,181,278,483,554,449,290,1017,4176
437,Perennial Crop,119,252,380,413,368,242,738,3400
438,Perennial Crop,101,227,387,410,342,197,777,3949
439,Perennial Crop,106,227,407,449,351,235,826,4004
440,Perennial Crop,72,175,319,342,287,191,732,3744
441,Perennial Crop,101,235,372,415,383,259,828,3774
442,Mangrove Forest,82,181,347,342,302,171,720,2906
443,Mangrove Forest,82,166,333,326,291,178,703,3474
444,Mangrove Forest,89,218,384,385,367,222,719,3497
445,Perennial Crop,92,240,461,495,435,300,924,3901
446,Perennial Crop,95,225,386,410,358,223,791,4090
447,Perennial Crop,110,214,312,348,343,308,683,2788
448,Perennial Crop,137,249,347,369,333,236,595,3731
449,Perennial Crop,71,205,332,340,311,180,649,3777
450,Perennial Crop,135,216,324,331,294,176,570,3192
451,Perennial Crop,115,225,349,360,304,192,657,3879
452,Perennial Crop,123,247,401,455,359,208,842,4373
453,Perennial Crop,103,213,389,394,309,203,824,3638
454,Perennial Crop,95,210,388,391,291,187,765,4058
455,Perennial Crop,120,227,383,402,320,194,757,4146
456,Perennial Crop,116,230,370,404,357,229,767,3608
457,Perennial Crop,123,231,366,369,303,193,674,4239
458,Perennial Crop,87,222,319,319,296,170,653,3805
459,Perennial Crop,118,220,404,426,348,189,826,4170
460,Mangrove Forest,111,234,387,389,295,204,744,3917
461,Perennial Crop,73,199,303,335,263,162,560,3526
462,Mangrove Forest,113,240,392,415,336,221,772,3565
463,Perennial Crop,102,230,343,348,275,179,649,3760
464,Perennial Crop,134,227,361,380,300,194,670,3646
465,Perennial Crop,82,209,331,325,300,161,583,3534
466,Perennial Crop,119,231,390,369,310,183,751,3944
467,Perennial Crop,132,260,471,510,440,241,1001,4671
468,Perennial Crop,155,243,378,425,348,213,849,4635
469,Perennial Crop,108,220,383,400,303,178,722,4703
470,Perennial Crop,172,246,453,483,369,231,934,4395
471,Perennial Crop,173,264,380,406,356,222,636,3370
472,Perennial Crop,108,243,400,440,333,189,824,4720
473,Mangrove Forest,81,222,376,417,315,191,798,3894
474,Perennial Crop,130,234,352,329,277,162,603,3911
475,Perennial Crop,140,242,397,413,338,228,743,3914
476,Perennial Crop,115,214,364,370,320,187,716,3812
477,Perennial Crop,87,205,397,433,337,201,854,4247
478,Perennial Crop,107,223,356,356,321,182,730,3640
479,Mangrove Forest,106,217,343,344,337,206,589,3155
480,Perennial Crop,125,286,440,446,350,257,845,4366
481,Perennial Crop,149,249,364,374,373,254,683,2842
482,Perennial Crop,113,213,380,406,344,203,758,4076
483,Perennial Crop,154,250,461,467,380,204,891,4656
484,Perennial Crop,191,326,422,462,424,300,540,1943
485,Perennial Crop,176,258,420,419,375,257,778,3597
486,Perennial Crop,112,234,337,322,291,184,585,3052
487,Perennial Crop,145,251,425,430,371,232,817,4374
488,Perennial Crop,152,248,393,438,361,251,763,3168
489,Perennial Crop,107,229,364,363,300,185,691,4087
490,Mangrove Forest,98,224,338,342,306,214,704,3134
491,Perennial Crop,165,244,367,393,364,266,713,3095
492,Perennial Crop,148,225,368,374,286,174,682,4293
493,Perennial Crop,161,234,409,425,370,226,810,4324
494,Perennial Crop,124,243,417,417,323,182,731,4476
495,Perennial Crop,178,233,354,355,279,174,708,3521
496,Perennial Crop,112,259,405,481,397,243,900,4274
497,Perennial Crop,75,206,382,416,337,199,864,4121
498,Perennial Crop,94,206,360,362,322,210,748,3997
499,Perennial Crop,103,189,361,405,343,231,832,3792
500,Perennial Crop,62,174,299,328,267,165,603,3235
501,Perennial Crop,75,170,319,345,318,171,722,3709
502,Perennial Crop,72,187,325,340,295,172,642,3507
503,Perennial Crop,72,162,343,358,291,179,760,4246
504,Perennial Crop,89,195,351,394,285,187,827,4689
505,Perennial Crop,73,184,319,323,268,190,615,3465
506,Perennial Crop,81,238,452,500,416,250,932,4094
507,Perennial Crop,72,184,347,383,275,157,728,4293
508,Perennial Crop,100,205,435,434,360,200,930,3919
509,Perennial Crop,139,210,393,412,349,192,834,4468
510,Perennial Crop,111,226,453,477,408,246,1007,4251
511,Perennial Crop,124,190,320,317,334,190,644,3795
512,Perennial Crop,96,157,274,252,224,118,517,3194
513,Perennial Crop,169,203,454,447,414,223,872,4059
514,Perennial Crop,81,158,300,295,264,129,676,3524
515,Perennial Crop,127,211,369,359,318,172,719,3983
516,Perennial Crop,116,203,404,431,354,190,880,4234
517,Perennial Crop,81,199,408,423,392,204,816,3573
518,Perennial Crop,119,196,372,364,355,201,747,3884
519,Perennial Crop,149,255,471,466,449,252,950,3674
520,Perennial Crop,158,202,355,345,288,169,656,3630
521,Perennial Crop,104,205,421,407,345,162,857,4079
522,Perennial Crop,106,215,381,419,311,167,905,4591
523,Perennial Crop,102,221,483,510,399,211,1029,4953
524,Perennial Crop,92,226,384,369,354,186,779,4291
525,Perennial Crop,145,198,431,458,376,196,977,4764
526,Perennial Crop,104,195,359,379,326,155,744,4115
527,Perennial Crop,147,206,346,338,346,216,739,3248
528,Perennial Crop,123,194,341,318,279,158,677,4057
529,Perennial Crop,143,240,356,372,357,252,707,3792
530,Perennial Crop,147,233,480,524,453,230,1033,4642
531,Perennial Crop,129,243,431,449,356,216,864,4055
532,Perennial Crop,74,163,256,232,227,101,507,3035
533,Perennial Crop,95,195,333,321,272,188,667,3900
534,Perennial Crop,111,227,479,491,445,244,985,3677
535,Perennial Crop,137,212,394,393,330,206,743,4004
536,Perennial Crop,149,195,336,301,295,150,626,3855
537,Perennial Crop,121,194,424,440,386,190,891,5038
538,Perennial Crop,142,224,500,534,479,265,1107,4230
539,Perennial Crop,113,214,436,451,379,227,1043,4266
540,Perennial Crop,132,230,436,483,405,220,1095,4062
541,Perennial Crop,115,229,437,485,429,295,952,3757
542,Perennial Crop,135,220,420,430,392,223,905,3770
543,Perennial Crop,138,223,417,431,353,215,877,4731
544,Perennial Crop,209,238,456,474,428,231,1007,4065
545,Perennial Crop,149,222,361,360,345,213,671,3439
546,Perennial Crop,151,225,435,429,423,260,853,3770
547,Perennial Crop,145,218,397,387,325,182,791,4461
548,Perennial Crop,108,184,381,349,304,156,700,4419
549,Perennial Crop,150,193,402,389,313,171,766,4692
550,Perennial Crop,132,182,308,325,323,208,654,3691
551,Perennial Crop,65,204,448,485,386,205,1027,4296
552,Perennial Crop,117,183,360,329,259,156,679,4463
553,Perennial Crop,107,185,370,360,331,183,747,3938
554,Perennial Crop,124,228,424,431,447,314,817,3794
555,Perennial Crop,86,165,343,342,308,166,755,4256
556,Perennial Crop,131,231,476,475,390,225,1039,4311
557,Perennial Crop,105,248,421,419,472,277,842,3792
558,Perennial Crop,86,178,319,307,286,161,651,3679
559,Perennial Crop,117,197,353,306,291,179,612,3767
560,Perennial Crop,113,223,391,380,323,167,884,4230
561,Perennial Crop,128,225,338,334,328,216,633,3695
562,Perennial Crop,120,163,299,258,240,123,508,3252
563,Perennial Crop,148,204,376,357,311,183,688,4399
564,Perennial Crop,108,182,342,322,301,162,697,3930
565,Perennial Crop,127,161,376,388,315,143,786,4086
566,Perennial Crop,96,199,310,306,296,182,630,3132
567,Perennial Crop,117,253,478,471,375,240,952,5089
568,Perennial Crop,131,204,367,371,332,201,769,4396
569,Perennial Crop,134,214,427,444,372,182,946,4896
570,Perennial Crop,123,231,413,452,362,203,817,4100
571,Perennial Crop,122,166,348,314,249,104,631,4106
572,Perennial Crop,124,189,368,365,299,161,717,3863
573,Perennial Crop,138,190,325,302,291,164,605,3751
574,Perennial Crop,140,200,379,365,331,184,784,4789
575,Perennial Crop,103,171,331,315,247,156,691,3896
576,Perennial Crop,155,259,448,477,399,242,951,4105
577,Perennial Crop,148,262,430,432,401,294,830,3378
578,Perennial Crop,112,209,341,342,286,149,663,3309
579,Perennial Crop,101,224,403,389,321,187,763,4847
580,Perennial Crop,166,214,426,411,361,194,841,4698
581,Perennial Crop,124,200,359,366,325,189,680,3121
582,Perennial Crop,73,211,412,367,296,174,786,4734
583,Perennial Crop,119,225,421,400,385,239,786,3974
584,Perennial Crop,119,208,358,354,341,187,711,4034
585,Perennial Crop,132,222,321,278,277,173,476,2880
586,Perennial Crop,132,211,388,377,353,192,723,4027
587,Perennial Crop,145,218,366,336,311,209,585,2535
588,Perennial Crop,144,221,407,380,312,189,738,4380
589,Perennial Crop,126,228,404,407,334,210,748,4835
590,Perennial Crop,120,175,389,345,289,177,735,3849
591,Perennial Crop,121,231,355,335,307,199,659,3860
592,Perennial Crop,101,198,391,415,338,169,831,4112
593,Perennial Crop,162,250,416,415,379,246,719,3271
594,Perennial Crop,93,187,362,329,269,149,649,3771
595,Perennial Crop,129,219,395,365,342,190,780,4088
596,Perennial Crop,113,205,385,347,316,154,723,3751
597,Perennial Crop,118,224,448,443,394,189,952,4370
598,Perennial Crop,70,160,290,244,249,133,509,2808
599,Perennial Crop,132,218,366,351,334,231,669,3154
600,Perennial Crop,95,185,308,293,270,163,559,3133
601,Perennial Crop,82,211,430,448,400,249,912,3956
602,Perennial Crop,114,225,381,396,337,189,770,4027
603,Perennial Crop,128,255,438,462,388,227,768,3613
604,Perennial Crop,126,212,427,400,377,192,809,4769
605,Perennial Crop,111,203,307,282,303,183,536,2676
606,Perennial Crop,88,204,347,302,303,183,673,3907
607,Perennial Crop,143,181,339,321,289,162,740,3745
608,Perennial Crop,124,177,333,297,243,159,606,3312
609,Perennial Crop,141,218,379,371,306,163,841,3964
610,Perennial Crop,98,218,386,366,347,178,771,4176
611,Perennial Crop,104,205,378,374,333,193,746,4195
612,Perennial Crop,128,191,339,302,295,192,616,3274
613,Perennial Crop,137,219,363,347,305,168,695,3753
614,Perennial Crop,156,236,455,441,395,223,843,4518
615,Perennial Crop,122,206,382,394,326,156,796,4456
616,Perennial Crop,121,197,398,407,362,162,776,4152
617,Perennial Crop,143,187,386,364,309,160,731,4579
618,Perennial Crop,128,185,338,326,295,142,732,3567
619,Perennial Crop,114,172,334,307,250,148,652,3879
620,Perennial Crop,153,243,471,483,403,194,960,4161
621,Perennial Crop,185,191,333,310,255,137,572,3160
622,Perennial Crop,113,201,365,367,340,187,764,4374
623,Perennial Crop,98,198,422,417,353,178,892,4796
624,Perennial Crop,112,217,376,370,292,170,752,4458
625,Perennial Crop,99,172,272,237,233,117,518,3076
626,Perennial Crop,127,225,356,314,347,189,659,3665
627,Perennial Crop,119,212,369,330,296,185,680,3669
628,Mangrove Forest,180,240,377,368,376,220,661,3151
629,Perennial Crop,163,244,363,352,346,209,697,3292
630,Perennial Crop,129,183,386,371,337,140,830,4163
